USE moviedb;
INSERT INTO movies VALUES('tt0421974','Sky Fighters',2005,'Gérard Pirès');
INSERT INTO movies VALUES('tt0378947','Melinda and Melinda',2004,'Woody Allen');
INSERT INTO movies VALUES('tt0278823','Hollywood Ending',2002,'Woody Allen');
INSERT INTO movies VALUES('tt0313792','Anything Else',2003,'Woody Allen');
INSERT INTO movies VALUES('tt0416320','Match Point',2005,'Woody Allen');
INSERT INTO movies VALUES('tt0344854','Arthur and the Invisibles',2006,'Luc Besson');
INSERT INTO movies VALUES('tt0480269','Interview',2007,'Steve Buscemi');
INSERT INTO movies VALUES('tt0417415','Aliens of the Deep',2005,'James Cameron');
INSERT INTO movies VALUES('tt0228333','Ghosts of Mars',2001,'John Carpenter');
INSERT INTO movies VALUES('tt0257516','Cursed',2005,'Wes Craven');
INSERT INTO movies VALUES('tt0498380','Letters from Iwo Jima',2006,'Clint Eastwood');
INSERT INTO movies VALUES('tt0327056','Mystic River',2003,'Clint Eastwood');
INSERT INTO movies VALUES('tt0335345','The Passion of the Christ',2004,'Mel Gibson');
INSERT INTO movies VALUES('tt0496319','The Hottest State',2006,'Ethan Hawke');
INSERT INTO movies VALUES('tt0352248','Cinderella Man',2005,'Ron Howard');
INSERT INTO movies VALUES('tt0455805','Then She Found Me',2007,'Helen Hunt');
INSERT INTO movies VALUES('tt0166924','Mulholland Dr.',2001,'David Lynch');
INSERT INTO movies VALUES('tt0264616','Frailty',2001,'Bill Paxton');
INSERT INTO movies VALUES('tt0338751','The Aviator',2004,'Martin Scorsese');
INSERT INTO movies VALUES('tt0264464','Catch Me If You Can',2002,'Steven Spielberg');
INSERT INTO movies VALUES('tt0362227','The Terminal',2004,'Steven Spielberg');
INSERT INTO movies VALUES('tt0181689','Minority Report',2002,'Steven Spielberg');
INSERT INTO movies VALUES('tt0212720','A.I. Artificial Intelligence',2001,'Steven Spielberg');
INSERT INTO movies VALUES('tt0408306','Munich',2005,'Steven Spielberg');
INSERT INTO movies VALUES('tt0462499','Rambo',2008,'Sylvester Stallone');
INSERT INTO movies VALUES('tt0346491','Alexander',2004,'Oliver Stone');
INSERT INTO movies VALUES('tt0469641','World Trade Center',2006,'Oliver Stone');
INSERT INTO movies VALUES('tt0401792','Sin City',2005,'Quentin Tarantino');
INSERT INTO movies VALUES('tt0361748','Inglourious Basterds',2009,'Quentin Tarantino');
INSERT INTO movies VALUES('tt0378194','Kill Bill: Vol. 2',2004,'Quentin Tarantino');
INSERT INTO movies VALUES('tt0427309','The Great Debaters',2007,'Denzel Washington');
INSERT INTO movies VALUES('tt0280707','Gosford Park',2001,'Robert Altman');
INSERT INTO movies VALUES('tt0338512','Two Brothers',2004,'Jean-Jacques Annaud');
INSERT INTO movies VALUES('tt0318049','Searching for Debra Winger',2002,'Rosanna Arquette');
INSERT INTO movies VALUES('tt0488380','Closing the Ring',2007,'Richard Attenborough');
INSERT INTO movies VALUES('tt0263265','Shortcut to Happiness',2003,'Alec Baldwin');
INSERT INTO movies VALUES('tt0133152','Planet of the Apes',2001,'Tim Burton');
INSERT INTO movies VALUES('tt0319061','Big Fish',2003,'Tim Burton');
INSERT INTO movies VALUES('tt0481797','Youth Without Youth',2007,'Francis Ford Coppola');
INSERT INTO movies VALUES('tt0399146','A History of Violence',2005,'David Cronenberg');
INSERT INTO movies VALUES('tt0266489','Duplex',2003,'Danny DeVito');
INSERT INTO movies VALUES('tt0266452','Death to Smoochy',2002,'Danny DeVito');
INSERT INTO movies VALUES('tt0496634','The Countess',2009,'Julie Delpy');
INSERT INTO movies VALUES('tt0164003','City of Ghosts',2002,'Matt Dillon');
INSERT INTO movies VALUES('tt0273435','Ararat',2002,'Atom Egoyan');
INSERT INTO movies VALUES('tt0443649','10,000 BC',2008,'Roland Emmerich');
INSERT INTO movies VALUES('tt0319262','The Day After Tomorrow',2004,'Roland Emmerich');
INSERT INTO movies VALUES('tt0308055','Bobby',2006,'Emilio Estevez');
INSERT INTO movies VALUES('tt0424918','Culture Clash in AmeriCCa',2005,'Emilio Estevez');
INSERT INTO movies VALUES('tt0443706','Zodiac',2007,'David Fincher');

INSERT INTO stars (id, name, birthYear) VALUES('nm0000095','Woody Allen',1935);
INSERT INTO stars (id, name, birthYear) VALUES('nm0000099','Patricia Arquette',1968);
INSERT INTO stars (id, name, birthYear) VALUES('nm0000102','Kevin Bacon',1958);
INSERT INTO stars (id, name, birthYear) VALUES('nm0000106','Drew Barrymore',1975);
INSERT INTO stars (id, name, birthYear) VALUES('nm0000118','John Carpenter',1948);
INSERT INTO stars (id, name, birthYear) VALUES('nm0000127','Wes Craven',1939);
INSERT INTO stars (id, name, birthYear) VALUES('nm0000129','Tom Cruise',1962);
INSERT INTO stars (id, name, birthYear) VALUES('nm0000138','Leonardo DiCaprio',1974);
INSERT INTO stars (id, name, birthYear) VALUES('nm0000158','Tom Hanks',1956);
INSERT INTO stars (id, name, birthYear) VALUES('nm0000164','Anthony Hopkins',1937);
INSERT INTO stars (id, name, birthYear) VALUES('nm0000179','Jude Law',1972);
INSERT INTO stars (id, name, birthYear) VALUES('nm0000186','David Lynch',1946);
INSERT INTO stars (id, name, birthYear) VALUES('nm0000190','Matthew McConaughey',1969);
INSERT INTO stars (id, name, birthYear) VALUES('nm0000191','Ewan McGregor',1971);
INSERT INTO stars (id, name, birthYear) VALUES('nm0000193','Demi Moore',1962);
INSERT INTO stars (id, name, birthYear) VALUES('nm0000200','Bill Paxton',1955);
INSERT INTO stars (id, name, birthYear) VALUES('nm0000202','Ryan Phillippe',1974);
INSERT INTO stars (id, name, birthYear) VALUES('nm0000207','Christina Ricci',1980);
INSERT INTO stars (id, name, birthYear) VALUES('nm0000209','Tim Robbins',1958);
INSERT INTO stars (id, name, birthYear) VALUES('nm0000218','Kristin Scott Thomas',1960);
INSERT INTO stars (id, name, birthYear) VALUES('nm0000229','Steven Spielberg',1946);
INSERT INTO stars (id, name, birthYear) VALUES('nm0000232','Sharon Stone',1958);
INSERT INTO stars (id, name, birthYear) VALUES('nm0000242','Mark Wahlberg',1971);
INSERT INTO stars (id, name, birthYear) VALUES('nm0000245','Robin Williams',1951);
INSERT INTO stars (id, name, birthYear) VALUES('nm0000265','Robert Altman',1925);
INSERT INTO stars (id, name, birthYear) VALUES('nm0000275','Rosanna Arquette',1959);
INSERT INTO stars (id, name, birthYear) VALUES('nm0000285','Alec Baldwin',1958);
INSERT INTO stars (id, name, birthYear) VALUES('nm0000307','Helena Bonham Carter',1966);
INSERT INTO stars (id, name, birthYear) VALUES('nm0000318','Tim Burton',1958);
INSERT INTO stars (id, name, birthYear) VALUES('nm0000322','Emmanuelle Béart',1963);
INSERT INTO stars (id, name, birthYear) VALUES('nm0000362','Danny DeVito',1944);
INSERT INTO stars (id, name, birthYear) VALUES('nm0000367','Gérard Depardieu',1948);
INSERT INTO stars (id, name, birthYear) VALUES('nm0000369','Matt Dillon',1964);
INSERT INTO stars (id, name, birthYear) VALUES('nm0000382','Atom Egoyan',1960);
INSERT INTO stars (id, name, birthYear) VALUES('nm0000386','Roland Emmerich',1955);
INSERT INTO stars (id, name, birthYear) VALUES('nm0000389','Emilio Estevez',1962);
INSERT INTO stars (id, name, birthYear) VALUES('nm0000427','Pam Grier',1949);
INSERT INTO stars (id, name, birthYear) VALUES('nm0000449','Natasha Henstridge',1974);
INSERT INTO stars (id, name, birthYear) VALUES('nm0000495','Téa Leoni',1966);
INSERT INTO stars (id, name, birthYear) VALUES('nm0000576','Sean Penn',1960);
INSERT INTO stars (id, name, birthYear) VALUES('nm0000598','Dennis Quaid',1954);
INSERT INTO stars (id, name, birthYear) VALUES('nm0000619','Tim Roth',1961);
INSERT INTO stars (id, name, birthYear) VALUES('nm0000640','Martin Sheen',1940);
INSERT INTO stars (id, name, birthYear) VALUES('nm0000686','Christopher Walken',1943);
INSERT INTO stars (id, name, birthYear) VALUES('nm0000735','Brian Aldiss',1925);
INSERT INTO stars (id, name, birthYear) VALUES('nm0000837','Bob Balaban',1945);
INSERT INTO stars (id, name, birthYear) VALUES('nm0000852','Jean-Marc Barr',1960);
INSERT INTO stars (id, name, birthYear) VALUES('nm0000896','Harry Belafonte',1927);
INSERT INTO stars (id, name, birthYear) VALUES('nm0000957','Jan de Bont',1943);
INSERT INTO stars (id, name, birthYear) VALUES('nm0000959','Powers Boothe',1948);
INSERT INTO stars (id, name, birthYear) VALUES('nm0001001','James Caan',1940);
INSERT INTO stars (id, name, birthYear) VALUES('nm0001020','Katrin Cartlidge',1961);
INSERT INTO stars (id, name, birthYear) VALUES('nm0001082','Billy Crudup',1968);
INSERT INTO stars (id, name, birthYear) VALUES('nm0001084','Ice Cube',1969);
INSERT INTO stars (id, name, birthYear) VALUES('nm0001140','Philip K. Dick',1928);
INSERT INTO stars (id, name, birthYear) VALUES('nm0001213','Harvey Fierstein',1954);
INSERT INTO stars (id, name, birthYear) VALUES('nm0001215','Albert Finney',1936);
INSERT INTO stars (id, name, birthYear) VALUES('nm0001338','Brian Helgeland',1961);
INSERT INTO stars (id, name, birthYear) VALUES('nm0001416','Catherine Keener',1959);
INSERT INTO stars (id, name, birthYear) VALUES('nm0001448','Jessica Lange',1949);
INSERT INTO stars (id, name, birthYear) VALUES('nm0001523','Natascha McElhone',1969);
INSERT INTO stars (id, name, birthYear) VALUES('nm0001570','Edward Norton',1969);
INSERT INTO stars (id, name, birthYear) VALUES('nm0001749','Maggie Smith',1934);
INSERT INTO stars (id, name, birthYear) VALUES('nm0001774','Ben Stiller',1965);
INSERT INTO stars (id, name, birthYear) VALUES('nm0001884','Max von Sydow',1929);
INSERT INTO stars (id, name, birthYear) VALUES('nm0001937','Marco Beltrami',1966);
INSERT INTO stars (id, name, birthYear) VALUES('nm0002091','Michael Gambon',1940);
INSERT INTO stars (id, name, birthYear) VALUES('nm0002198','Charles Aznavour',1924);
INSERT INTO stars (id, name, birthYear) VALUES('nm0002217','Mychael Danna',1958);
INSERT INTO stars (id, name, birthYear) VALUES('nm0002354','John Williams',1932);
INSERT INTO stars (id, name, birthYear) VALUES('nm0002536','Emmy Rossum',1986);
INSERT INTO stars (id, name, birthYear) VALUES('nm0002681','Jim Denault',1960);
INSERT INTO stars (id, name, birthYear) VALUES('nm0003371','Wedigo von Schultzendorff',1945);
INSERT INTO stars (id, name) VALUES('nm0003712','Anastas N. Michos');
INSERT INTO stars (id, name, birthYear) VALUES('nm0003817','Michael Clarke Duncan',1957);
INSERT INTO stars (id, name) VALUES('nm0003911','Brian Tyler');
INSERT INTO stars (id, name, birthYear) VALUES('nm0004344','Michael Barrett',1970);
INSERT INTO stars (id, name, birthYear) VALUES('nm0004755','Jason Biggs',1978);
INSERT INTO stars (id, name, birthYear) VALUES('nm0005009','Laura Harring',1964);
INSERT INTO stars (id, name, birthYear) VALUES('nm0005086','Kathleen Kennedy',1953);
INSERT INTO stars (id, name, birthYear) VALUES('nm0005231','Dash Mihok',1974);
INSERT INTO stars (id, name, birthYear) VALUES('nm0005286','Haley Joel Osment',1988);
INSERT INTO stars (id, name, birthYear) VALUES('nm0005458','Jason Statham',1967);
INSERT INTO stars (id, name, birthYear) VALUES('nm0005573','Richard D. Zanuck',1934);
INSERT INTO stars (id, name, birthYear) VALUES('nm0005577','Portia de Rossi',1973);
INSERT INTO stars (id, name, birthYear) VALUES('nm0006142','Mark Isham',1951);
INSERT INTO stars (id, name, birthYear) VALUES('nm0007646','Frank Abagnale Jr.',1948);
INSERT INTO stars (id, name, birthYear) VALUES('nm0008787','Simon Abkarian',1962);
INSERT INTO stars (id, name) VALUES('nm0028977','Virl Andrick');
INSERT INTO stars (id, name) VALUES('nm0031045','Anthrax');
INSERT INTO stars (id, name, birthYear) VALUES('nm0033068','Ray Aranha',1939);
INSERT INTO stars (id, name) VALUES('nm0036981','Letty Aronson');
INSERT INTO stars (id, name, birthYear) VALUES('nm0041864','John August',1970);
INSERT INTO stars (id, name) VALUES('nm0054974','Phillip Barker');
INSERT INTO stars (id, name, birthYear) VALUES('nm0060931','Jeanne Bates',1918);
INSERT INTO stars (id, name) VALUES('nm0061045','Tyler Bates');
INSERT INTO stars (id, name, birthYear) VALUES('nm0070948','Stephen Vincent Benet',1898);
INSERT INTO stars (id, name, birthYear) VALUES('nm0088780','David Blocker',1955);
INSERT INTO stars (id, name, birthYear) VALUES('nm0091899','Eric Bogosian',1953);
INSERT INTO stars (id, name, birthYear) VALUES('nm0099541','Pierre Boulle',1912);
INSERT INTO stars (id, name) VALUES('nm0107463','David Brenner');
INSERT INTO stars (id, name, birthYear) VALUES('nm0115310','William Broyles Jr.',1944);
INSERT INTO stars (id, name, birthYear) VALUES('nm0124832','Bill Butler',1921);
INSERT INTO stars (id, name) VALUES('nm0126653','Willi Bär');
INSERT INTO stars (id, name, birthYear) VALUES('nm0142539','Brent Carver',1951);
INSERT INTO stars (id, name, birthYear) VALUES('nm0144007','Nancy Cassaro',1959);
INSERT INTO stars (id, name, birthYear) VALUES('nm0148535','Michael Cerenzie',1970);
INSERT INTO stars (id, name) VALUES('nm0168498','David Codikow');
INSERT INTO stars (id, name) VALUES('nm0169260','Bruce Cohen');
INSERT INTO stars (id, name) VALUES('nm0169509','Jon Cohen');
INSERT INTO stars (id, name, birthYear) VALUES('nm0174374','Bill Condon',1955);
INSERT INTO stars (id, name, birthYear) VALUES('nm0180366','Stuart Cornfeld',1952);
INSERT INTO stars (id, name) VALUES('nm0193268','Bonnie Curtis');
INSERT INTO stars (id, name) VALUES('nm0223320','Peter Dexter');
INSERT INTO stars (id, name) VALUES('nm0233646','Bob Dorian');
INSERT INTO stars (id, name, birthYear) VALUES('nm0236421','Larry Doyle',1958);
INSERT INTO stars (id, name, birthYear) VALUES('nm0236462','Patrick Doyle',1953);
INSERT INTO stars (id, name) VALUES('nm0242491','Andrew Dunn');
INSERT INTO stars (id, name) VALUES('nm0249050','Neal Edelstein');
INSERT INTO stars (id, name, birthYear) VALUES('nm0251986','Jesse Eisenberg',1983);
INSERT INTO stars (id, name, birthYear) VALUES('nm0268199','Colin Farrell',1976);
INSERT INTO stars (id, name, birthYear) VALUES('nm0271501','Julian Fellowes',1949);
INSERT INTO stars (id, name) VALUES('nm0275475','Cort Fey');
INSERT INTO stars (id, name, birthYear) VALUES('nm0291082','Scott Frank',1960);
INSERT INTO stars (id, name, birthYear) VALUES('nm0317510','Barry Gifford',1946);
INSERT INTO stars (id, name, birthYear) VALUES('nm0330428','Mark Gordon',1956);
INSERT INTO stars (id, name, birthYear) VALUES('nm0350453','Jake Gyllenhaal',1980);
INSERT INTO stars (id, name, birthYear) VALUES('nm0360062','Brent Hanley',1970);
INSERT INTO stars (id, name) VALUES('nm0398469','Judie Hoyt');
INSERT INTO stars (id, name) VALUES('nm0423134','Dan Jinks');
INSERT INTO stars (id, name, birthYear) VALUES('nm0433339','Nancy Juvonen',1967);
INSERT INTO stars (id, name, birthYear) VALUES('nm0451787','Darius Khondji',1955);
INSERT INTO stars (id, name, birthYear) VALUES('nm0452123','Gary B. Kibbe',1941);
INSERT INTO stars (id, name, birthYear) VALUES('nm0455253','Sandy King',1952);
INSERT INTO stars (id, name, birthYear) VALUES('nm0456946','David Kirschner',1955);
INSERT INTO stars (id, name, birthYear) VALUES('nm0460057','Harald Kloser',1956);
INSERT INTO stars (id, name) VALUES('nm0465199','Lawrence Konner');
INSERT INTO stars (id, name) VALUES('nm0469553','Jeremy Kramer');
INSERT INTO stars (id, name) VALUES('nm0469813','Tony Krantz');
INSERT INTO stars (id, name, birthYear) VALUES('nm0487190','Robert Lantos',1949);
INSERT INTO stars (id, name) VALUES('nm0493662','Andrew Lazar');
INSERT INTO stars (id, name) VALUES('nm0503429','Alisa Lepselter');
INSERT INTO stars (id, name) VALUES('nm0506379','David Levy');
INSERT INTO stars (id, name) VALUES('nm0520060','Fredrick Lopez');
INSERT INTO stars (id, name, birthYear) VALUES('nm0520064','George Lopez',1961);
INSERT INTO stars (id, name) VALUES('nm0520203','Seidy Lopez');
INSERT INTO stars (id, name, birthYear) VALUES('nm0520244','Luisana Lopilato',1987);
INSERT INTO stars (id, name, birthYear) VALUES('nm0520265','Rodrigo Lopresti',1976);
INSERT INTO stars (id, name, birthYear) VALUES('nm0520283','Konstantin Lopushanskiy',1947);
INSERT INTO stars (id, name, birthYear) VALUES('nm0520288','Santo Loquasto',1944);
INSERT INTO stars (id, name, birthYear) VALUES('nm0520317','Sophie Lorain',1957);
INSERT INTO stars (id, name, birthYear) VALUES('nm0520440','Jean-Claude Lord',1943);
INSERT INTO stars (id, name, birthYear) VALUES('nm0520485','Peter Lord',1953);
INSERT INTO stars (id, name, birthYear) VALUES('nm0520495','Rebecca Lord',1973);
INSERT INTO stars (id, name) VALUES('nm0520500','Rob Lord');
INSERT INTO stars (id, name) VALUES('nm0520523','John Lordan');
INSERT INTO stars (id, name) VALUES('nm0520569','Olivier Lorelle');
INSERT INTO stars (id, name) VALUES('nm0520576','Bonnie Loren');
INSERT INTO stars (id, name) VALUES('nm0520602','Liza Lorena');
INSERT INTO stars (id, name, birthYear) VALUES('nm0520608','Michal Lorenc',1955);
INSERT INTO stars (id, name) VALUES('nm0520641','Isabelle Lorente');
INSERT INTO stars (id, name) VALUES('nm0520696','Carsten H.W. Lorenz');
INSERT INTO stars (id, name) VALUES('nm0520702','Dominique Lorenz');
INSERT INTO stars (id, name) VALUES('nm0520715','Jack Lorenz');
INSERT INTO stars (id, name, birthYear) VALUES('nm0520721','Juliane Lorenz',1957);
INSERT INTO stars (id, name, birthYear) VALUES('nm0520732','Marita Lorenz',1939);
INSERT INTO stars (id, name) VALUES('nm0520749','Robert Lorenz');
INSERT INTO stars (id, name) VALUES('nm0520870','Alexis Loret');
INSERT INTO stars (id, name) VALUES('nm0520943','Ray Loriga');
INSERT INTO stars (id, name) VALUES('nm0520945','Joseph Lorigo');
INSERT INTO stars (id, name) VALUES('nm0520975','Alec Lorimore');
INSERT INTO stars (id, name) VALUES('nm0527261','Patrick Lussier');
INSERT INTO stars (id, name, birthYear) VALUES('nm0532368','Peter Macgregor-Scott',1947);
INSERT INTO stars (id, name, birthYear) VALUES('nm0533831','Archibald Macleish',1892);
INSERT INTO stars (id, name, birthYear) VALUES('nm0534543','Marianne Maddalena',1957);
INSERT INTO stars (id, name) VALUES('nm0552423','Ivan Martin');
INSERT INTO stars (id, name, birthYear) VALUES('nm0572123','Robert McLachlan',1956);
INSERT INTO stars (id, name, birthYear) VALUES('nm0608090','Samantha Morton',1977);
INSERT INTO stars (id, name, birthYear) VALUES('nm0616550','Mya',1979);
INSERT INTO stars (id, name) VALUES('nm0618680','Jeffrey Nachmanoff');
INSERT INTO stars (id, name, birthYear) VALUES('nm0622288','Jeff Nathanson',1965);
INSERT INTO stars (id, name) VALUES('nm0623235','Deepak Nayar');
INSERT INTO stars (id, name, birthYear) VALUES('nm0628056','David Newman',1954);
INSERT INTO stars (id, name, birthYear) VALUES('nm0640323','Frances OConnor',1967);
INSERT INTO stars (id, name, birthYear) VALUES('nm0641610','Matt OLeary',1987);
INSERT INTO stars (id, name, birthYear) VALUES('nm0662748','Walter F. Parkes',1951);
INSERT INTO stars (id, name) VALUES('nm0688789','Michael Polaire');
INSERT INTO stars (id, name) VALUES('nm0689343','Jon Poll');
INSERT INTO stars (id, name) VALUES('nm0720304','Adam Resnick');
INSERT INTO stars (id, name, birthYear) VALUES('nm0730168','Sam Robards',1961);
INSERT INTO stars (id, name) VALUES('nm0742797','Mark Rosenthal');
INSERT INTO stars (id, name, birthYear) VALUES('nm0764963','Alain Sarde',1952);
INSERT INTO stars (id, name, birthYear) VALUES('nm0765477','Paul Sarossy',1963);
INSERT INTO stars (id, name) VALUES('nm0794156','Susan Shipton');
INSERT INTO stars (id, name, birthYear) VALUES('nm0797190','Corey Sienega',1968);
INSERT INTO stars (id, name, birthYear) VALUES('nm0825336','Ueli Steiger',1954);
INSERT INTO stars (id, name, birthYear) VALUES('nm0827869','Tom Stern',1946);
INSERT INTO stars (id, name) VALUES('nm0837917','Larry Sulkis');
INSERT INTO stars (id, name, birthYear) VALUES('nm0842156','Mary Sweeney',1953);
INSERT INTO stars (id, name, birthYear) VALUES('nm0857620','Justin Theroux',1971);
INSERT INTO stars (id, name) VALUES('nm0910241','Happy Walters');
INSERT INTO stars (id, name) VALUES('nm0913150','Paul C. Warschilka');
INSERT INTO stars (id, name) VALUES('nm0914668','Ian Watson');
INSERT INTO stars (id, name, birthYear) VALUES('nm0915208','Naomi Watts',1968);
INSERT INTO stars (id, name) VALUES('nm0915918','Matt Weaver');
INSERT INTO stars (id, name) VALUES('nm0927561','Holly Wiersma');
INSERT INTO stars (id, name, birthYear) VALUES('nm0932078','Kevin Williamson',1965);
INSERT INTO stars (id, name) VALUES('nm1127221','Stan Redding');
INSERT INTO stars (id, name, birthYear) VALUES('nm1169742','Eileen Essell',1922);
INSERT INTO stars (id, name) VALUES('nm1178245','Olivier Boucreux');
INSERT INTO stars (id, name) VALUES('nm1180620','Daniel Wallace');
INSERT INTO stars (id, name, birthYear) VALUES('nm1212331','Dennis Lehane',1965);
INSERT INTO stars (id, name) VALUES('nm1490949','Michel Litvak');
INSERT INTO stars (id, name) VALUES('nm1733108','Edward Bass');
INSERT INTO stars (id, name) VALUES('nm5101709','Jorge Arocho');
INSERT INTO stars (id, name) VALUES('nm5101748','Kaniel Arocho');
INSERT INTO stars_in_movies VALUES('nm0000242','tt0133152');
INSERT INTO stars_in_movies VALUES('nm0000307','tt0133152');
INSERT INTO stars_in_movies VALUES('nm0005573','tt0133152');
INSERT INTO stars_in_movies VALUES('nm0003817','tt0133152');
INSERT INTO stars_in_movies VALUES('nm0000318','tt0133152');
INSERT INTO stars_in_movies VALUES('nm0099541','tt0133152');
INSERT INTO stars_in_movies VALUES('nm0115310','tt0133152');
INSERT INTO stars_in_movies VALUES('nm0465199','tt0133152');
INSERT INTO stars_in_movies VALUES('nm0000619','tt0133152');
INSERT INTO stars_in_movies VALUES('nm0742797','tt0133152');
INSERT INTO stars_in_movies VALUES('nm0001001','tt0164003');
INSERT INTO stars_in_movies VALUES('nm0126653','tt0164003');
INSERT INTO stars_in_movies VALUES('nm0000369','tt0164003');
INSERT INTO stars_in_movies VALUES('nm0001523','tt0164003');
INSERT INTO stars_in_movies VALUES('nm0148535','tt0164003');
INSERT INTO stars_in_movies VALUES('nm0061045','tt0164003');
INSERT INTO stars_in_movies VALUES('nm0623235','tt0164003');
INSERT INTO stars_in_movies VALUES('nm0000367','tt0164003');
INSERT INTO stars_in_movies VALUES('nm0317510','tt0164003');
INSERT INTO stars_in_movies VALUES('nm0002681','tt0164003');
INSERT INTO stars_in_movies VALUES('nm0764963','tt0166924');
INSERT INTO stars_in_movies VALUES('nm0915208','tt0166924');
INSERT INTO stars_in_movies VALUES('nm0060931','tt0166924');
INSERT INTO stars_in_movies VALUES('nm0842156','tt0166924');
INSERT INTO stars_in_movies VALUES('nm0005009','tt0166924');
INSERT INTO stars_in_movies VALUES('nm0688789','tt0166924');
INSERT INTO stars_in_movies VALUES('nm0000186','tt0166924');
INSERT INTO stars_in_movies VALUES('nm0469813','tt0166924');
INSERT INTO stars_in_movies VALUES('nm0857620','tt0166924');
INSERT INTO stars_in_movies VALUES('nm0249050','tt0166924');
INSERT INTO stars_in_movies VALUES('nm0169509','tt0181689');
INSERT INTO stars_in_movies VALUES('nm0001140','tt0181689');
INSERT INTO stars_in_movies VALUES('nm0000957','tt0181689');
INSERT INTO stars_in_movies VALUES('nm0000229','tt0181689');
INSERT INTO stars_in_movies VALUES('nm0291082','tt0181689');
INSERT INTO stars_in_movies VALUES('nm0001884','tt0181689');
INSERT INTO stars_in_movies VALUES('nm0608090','tt0181689');
INSERT INTO stars_in_movies VALUES('nm0193268','tt0181689');
INSERT INTO stars_in_movies VALUES('nm0000129','tt0181689');
INSERT INTO stars_in_movies VALUES('nm0268199','tt0181689');
INSERT INTO stars_in_movies VALUES('nm0730168','tt0212720');
INSERT INTO stars_in_movies VALUES('nm0000179','tt0212720');
INSERT INTO stars_in_movies VALUES('nm0005286','tt0212720');
INSERT INTO stars_in_movies VALUES('nm0000735','tt0212720');
INSERT INTO stars_in_movies VALUES('nm0640323','tt0212720');
INSERT INTO stars_in_movies VALUES('nm0193268','tt0212720');
INSERT INTO stars_in_movies VALUES('nm0005086','tt0212720');
INSERT INTO stars_in_movies VALUES('nm0000229','tt0212720');
INSERT INTO stars_in_movies VALUES('nm0002354','tt0212720');
INSERT INTO stars_in_movies VALUES('nm0914668','tt0212720');
INSERT INTO stars_in_movies VALUES('nm0837917','tt0228333');
INSERT INTO stars_in_movies VALUES('nm0000427','tt0228333');
INSERT INTO stars_in_movies VALUES('nm0031045','tt0228333');
INSERT INTO stars_in_movies VALUES('nm0452123','tt0228333');
INSERT INTO stars_in_movies VALUES('nm0455253','tt0228333');
INSERT INTO stars_in_movies VALUES('nm0000449','tt0228333');
INSERT INTO stars_in_movies VALUES('nm0000118','tt0228333');
INSERT INTO stars_in_movies VALUES('nm0001084','tt0228333');
INSERT INTO stars_in_movies VALUES('nm0913150','tt0228333');
INSERT INTO stars_in_movies VALUES('nm0005458','tt0228333');
INSERT INTO stars_in_movies VALUES('nm0616550','tt0257516');
INSERT INTO stars_in_movies VALUES('nm0000207','tt0257516');
INSERT INTO stars_in_movies VALUES('nm0534543','tt0257516');
INSERT INTO stars_in_movies VALUES('nm0251986','tt0257516');
INSERT INTO stars_in_movies VALUES('nm0001937','tt0257516');
INSERT INTO stars_in_movies VALUES('nm0000127','tt0257516');
INSERT INTO stars_in_movies VALUES('nm0005577','tt0257516');
INSERT INTO stars_in_movies VALUES('nm0527261','tt0257516');
INSERT INTO stars_in_movies VALUES('nm0572123','tt0257516');
INSERT INTO stars_in_movies VALUES('nm0932078','tt0257516');
INSERT INTO stars_in_movies VALUES('nm0070948','tt0263265');
INSERT INTO stars_in_movies VALUES('nm0028977','tt0263265');
INSERT INTO stars_in_movies VALUES('nm0174374','tt0263265');
INSERT INTO stars_in_movies VALUES('nm5101709','tt0263265');
INSERT INTO stars_in_movies VALUES('nm5101748','tt0263265');
INSERT INTO stars_in_movies VALUES('nm0223320','tt0263265');
INSERT INTO stars_in_movies VALUES('nm0533831','tt0263265');
INSERT INTO stars_in_movies VALUES('nm0000285','tt0263265');
INSERT INTO stars_in_movies VALUES('nm0144007','tt0263265');
INSERT INTO stars_in_movies VALUES('nm0033068','tt0263265');
INSERT INTO stars_in_movies VALUES('nm1127221','tt0264464');
INSERT INTO stars_in_movies VALUES('nm0000229','tt0264464');
INSERT INTO stars_in_movies VALUES('nm0000640','tt0264464');
INSERT INTO stars_in_movies VALUES('nm0007646','tt0264464');
INSERT INTO stars_in_movies VALUES('nm0662748','tt0264464');
INSERT INTO stars_in_movies VALUES('nm0000686','tt0264464');
INSERT INTO stars_in_movies VALUES('nm0000158','tt0264464');
INSERT INTO stars_in_movies VALUES('nm0002354','tt0264464');
INSERT INTO stars_in_movies VALUES('nm0622288','tt0264464');
INSERT INTO stars_in_movies VALUES('nm0000138','tt0264464');
INSERT INTO stars_in_movies VALUES('nm0456946','tt0264616');
INSERT INTO stars_in_movies VALUES('nm0088780','tt0264616');
INSERT INTO stars_in_movies VALUES('nm0124832','tt0264616');
INSERT INTO stars_in_movies VALUES('nm0000200','tt0264616');
INSERT INTO stars_in_movies VALUES('nm0003911','tt0264616');
INSERT INTO stars_in_movies VALUES('nm0000190','tt0264616');
INSERT INTO stars_in_movies VALUES('nm0000959','tt0264616');
INSERT INTO stars_in_movies VALUES('nm0641610','tt0264616');
INSERT INTO stars_in_movies VALUES('nm0797190','tt0264616');
INSERT INTO stars_in_movies VALUES('nm0360062','tt0264616');
INSERT INTO stars_in_movies VALUES('nm0003712','tt0266452');
INSERT INTO stars_in_movies VALUES('nm0000245','tt0266452');
INSERT INTO stars_in_movies VALUES('nm0001570','tt0266452');
INSERT INTO stars_in_movies VALUES('nm0689343','tt0266452');
INSERT INTO stars_in_movies VALUES('nm0000362','tt0266452');
INSERT INTO stars_in_movies VALUES('nm0001416','tt0266452');
INSERT INTO stars_in_movies VALUES('nm0493662','tt0266452');
INSERT INTO stars_in_movies VALUES('nm0628056','tt0266452');
INSERT INTO stars_in_movies VALUES('nm0532368','tt0266452');
INSERT INTO stars_in_movies VALUES('nm0720304','tt0266452');
INSERT INTO stars_in_movies VALUES('nm0236421','tt0266489');
INSERT INTO stars_in_movies VALUES('nm1169742','tt0266489');
INSERT INTO stars_in_movies VALUES('nm0628056','tt0266489');
INSERT INTO stars_in_movies VALUES('nm0001213','tt0266489');
INSERT INTO stars_in_movies VALUES('nm0180366','tt0266489');
INSERT INTO stars_in_movies VALUES('nm0000362','tt0266489');
INSERT INTO stars_in_movies VALUES('nm0001774','tt0266489');
INSERT INTO stars_in_movies VALUES('nm0469553','tt0266489');
INSERT INTO stars_in_movies VALUES('nm0433339','tt0266489');
INSERT INTO stars_in_movies VALUES('nm0000106','tt0266489');
INSERT INTO stars_in_movies VALUES('nm0002217','tt0273435');
INSERT INTO stars_in_movies VALUES('nm0487190','tt0273435');
INSERT INTO stars_in_movies VALUES('nm0054974','tt0273435');
INSERT INTO stars_in_movies VALUES('nm0794156','tt0273435');
INSERT INTO stars_in_movies VALUES('nm0765477','tt0273435');
INSERT INTO stars_in_movies VALUES('nm0091899','tt0273435');
INSERT INTO stars_in_movies VALUES('nm0008787','tt0273435');
INSERT INTO stars_in_movies VALUES('nm0002198','tt0273435');
INSERT INTO stars_in_movies VALUES('nm0000382','tt0273435');
INSERT INTO stars_in_movies VALUES('nm0142539','tt0273435');
INSERT INTO stars_in_movies VALUES('nm0233646','tt0278823');
INSERT INTO stars_in_movies VALUES('nm0503429','tt0278823');
INSERT INTO stars_in_movies VALUES('nm0000495','tt0278823');
INSERT INTO stars_in_movies VALUES('nm0036981','tt0278823');
INSERT INTO stars_in_movies VALUES('nm0520288','tt0278823');
INSERT INTO stars_in_movies VALUES('nm0000095','tt0278823');
INSERT INTO stars_in_movies VALUES('nm0003371','tt0278823');
INSERT INTO stars_in_movies VALUES('nm0552423','tt0278823');
INSERT INTO stars_in_movies VALUES('nm0000218','tt0280707');
INSERT INTO stars_in_movies VALUES('nm0002091','tt0280707');
INSERT INTO stars_in_movies VALUES('nm0000202','tt0280707');
INSERT INTO stars_in_movies VALUES('nm0000837','tt0280707');
INSERT INTO stars_in_movies VALUES('nm0242491','tt0280707');
INSERT INTO stars_in_movies VALUES('nm0236462','tt0280707');
INSERT INTO stars_in_movies VALUES('nm0271501','tt0280707');
INSERT INTO stars_in_movies VALUES('nm0506379','tt0280707');
INSERT INTO stars_in_movies VALUES('nm0001749','tt0280707');
INSERT INTO stars_in_movies VALUES('nm0000265','tt0280707');
INSERT INTO stars_in_movies VALUES('nm0927561','tt0308055');
INSERT INTO stars_in_movies VALUES('nm0004344','tt0308055');
INSERT INTO stars_in_movies VALUES('nm0006142','tt0308055');
INSERT INTO stars_in_movies VALUES('nm1490949','tt0308055');
INSERT INTO stars_in_movies VALUES('nm1733108','tt0308055');
INSERT INTO stars_in_movies VALUES('nm0000389','tt0308055');
INSERT INTO stars_in_movies VALUES('nm0000896','tt0308055');
INSERT INTO stars_in_movies VALUES('nm0000232','tt0308055');
INSERT INTO stars_in_movies VALUES('nm0000193','tt0308055');
INSERT INTO stars_in_movies VALUES('nm0000164','tt0308055');
INSERT INTO stars_in_movies VALUES('nm0451787','tt0313792');
INSERT INTO stars_in_movies VALUES('nm0004755','tt0313792');
INSERT INTO stars_in_movies VALUES('nm0520288','tt0313792');
INSERT INTO stars_in_movies VALUES('nm0036981','tt0313792');
INSERT INTO stars_in_movies VALUES('nm0000207','tt0313792');
INSERT INTO stars_in_movies VALUES('nm0000362','tt0313792');
INSERT INTO stars_in_movies VALUES('nm0000095','tt0313792');
INSERT INTO stars_in_movies VALUES('nm0503429','tt0313792');
INSERT INTO stars_in_movies VALUES('nm0000322','tt0318049');
INSERT INTO stars_in_movies VALUES('nm0910241','tt0318049');
INSERT INTO stars_in_movies VALUES('nm0915918','tt0318049');
INSERT INTO stars_in_movies VALUES('nm0168498','tt0318049');
INSERT INTO stars_in_movies VALUES('nm0000852','tt0318049');
INSERT INTO stars_in_movies VALUES('nm0001020','tt0318049');
INSERT INTO stars_in_movies VALUES('nm0275475','tt0318049');
INSERT INTO stars_in_movies VALUES('nm0000099','tt0318049');
INSERT INTO stars_in_movies VALUES('nm0000275','tt0318049');
INSERT INTO stars_in_movies VALUES('nm1178245','tt0318049');
INSERT INTO stars_in_movies VALUES('nm0000191','tt0319061');
INSERT INTO stars_in_movies VALUES('nm0001215','tt0319061');
INSERT INTO stars_in_movies VALUES('nm0423134','tt0319061');
INSERT INTO stars_in_movies VALUES('nm0000318','tt0319061');
INSERT INTO stars_in_movies VALUES('nm0169260','tt0319061');
INSERT INTO stars_in_movies VALUES('nm1180620','tt0319061');
INSERT INTO stars_in_movies VALUES('nm0005573','tt0319061');
INSERT INTO stars_in_movies VALUES('nm0041864','tt0319061');
INSERT INTO stars_in_movies VALUES('nm0001448','tt0319061');
INSERT INTO stars_in_movies VALUES('nm0001082','tt0319061');
INSERT INTO stars_in_movies VALUES('nm0002536','tt0319262');
INSERT INTO stars_in_movies VALUES('nm0107463','tt0319262');
INSERT INTO stars_in_movies VALUES('nm0825336','tt0319262');
INSERT INTO stars_in_movies VALUES('nm0460057','tt0319262');
INSERT INTO stars_in_movies VALUES('nm0330428','tt0319262');
INSERT INTO stars_in_movies VALUES('nm0618680','tt0319262');
INSERT INTO stars_in_movies VALUES('nm0000386','tt0319262');
INSERT INTO stars_in_movies VALUES('nm0005231','tt0319262');
INSERT INTO stars_in_movies VALUES('nm0000598','tt0319262');
INSERT INTO stars_in_movies VALUES('nm0350453','tt0319262');
INSERT INTO stars_in_movies VALUES('nm0002536','tt0327056');
INSERT INTO stars_in_movies VALUES('nm1212331','tt0327056');
INSERT INTO stars_in_movies VALUES('nm0827869','tt0327056');
INSERT INTO stars_in_movies VALUES('nm0000209','tt0327056');
INSERT INTO stars_in_movies VALUES('nm0398469','tt0327056');
INSERT INTO stars_in_movies VALUES('nm0000576','tt0327056');
INSERT INTO stars_in_movies VALUES('nm0000102','tt0327056');
INSERT INTO stars_in_movies VALUES('nm0001338','tt0327056');
INSERT INTO stars_in_movies VALUES('nm0520749','tt0327056');
INSERT INTO stars_in_movies VALUES('nm0000142','tt0327056');
INSERT INTO stars_in_movies VALUES('nm0000154','tt0335345');
INSERT INTO stars_in_movies VALUES('nm0280179','tt0335345');
INSERT INTO stars_in_movies VALUES('nm0202704','tt0335345');
INSERT INTO stars_in_movies VALUES('nm0001029','tt0335345');
INSERT INTO stars_in_movies VALUES('nm0568544','tt0335345');
INSERT INTO stars_in_movies VALUES('nm0002201','tt0335345');
INSERT INTO stars_in_movies VALUES('nm0221042','tt0335345');
INSERT INTO stars_in_movies VALUES('nm0000899','tt0335345');
INSERT INTO stars_in_movies VALUES('nm0411581','tt0335345');
INSERT INTO stars_in_movies VALUES('nm0998941','tt0335345');
INSERT INTO stars_in_movies VALUES('nm0383603','tt0338512');
INSERT INTO stars_in_movies VALUES('nm0001602','tt0338512');
INSERT INTO stars_in_movies VALUES('nm0248180','tt0338512');
INSERT INTO stars_in_movies VALUES('nm0271501','tt0338512');
INSERT INTO stars_in_movies VALUES('nm0237608','tt0338512');
INSERT INTO stars_in_movies VALUES('nm0006339','tt0338512');
INSERT INTO stars_in_movies VALUES('nm0237835','tt0338512');
INSERT INTO stars_in_movies VALUES('nm0323708','tt0338512');
INSERT INTO stars_in_movies VALUES('nm0629127','tt0338512');
INSERT INTO stars_in_movies VALUES('nm0000269','tt0338512');
INSERT INTO stars_in_movies VALUES('nm0000295','tt0338751');
INSERT INTO stars_in_movies VALUES('nm0000604','tt0338751');
INSERT INTO stars_in_movies VALUES('nm0000520','tt0338751');
INSERT INTO stars_in_movies VALUES('nm0000949','tt0338751');
INSERT INTO stars_in_movies VALUES('nm0000217','tt0338751');
INSERT INTO stars_in_movies VALUES('nm0454752','tt0338751');
INSERT INTO stars_in_movies VALUES('nm0262509','tt0338751');
INSERT INTO stars_in_movies VALUES('nm0517589','tt0338751');
INSERT INTO stars_in_movies VALUES('nm0166787','tt0338751');
INSERT INTO stars_in_movies VALUES('nm0000138','tt0338751');
INSERT INTO stars_in_movies VALUES('nm0000187','tt0344854');
INSERT INTO stars_in_movies VALUES('nm1922214','tt0344854');
INSERT INTO stars_in_movies VALUES('nm2461314','tt0344854');
INSERT INTO stars_in_movies VALUES('nm0305372','tt0344854');
INSERT INTO stars_in_movies VALUES('nm1297771','tt0344854');
INSERT INTO stars_in_movies VALUES('nm0383603','tt0344854');
INSERT INTO stars_in_movies VALUES('nm0000108','tt0344854');
INSERT INTO stars_in_movies VALUES('nm0186949','tt0344854');
INSERT INTO stars_in_movies VALUES('nm2962942','tt0344854');
INSERT INTO stars_in_movies VALUES('nm0001201','tt0344854');
INSERT INTO stars_in_movies VALUES('nm0436164','tt0346491');
INSERT INTO stars_in_movies VALUES('nm0778285','tt0346491');
INSERT INTO stars_in_movies VALUES('nm0477370','tt0346491');
INSERT INTO stars_in_movies VALUES('nm0000231','tt0346491');
INSERT INTO stars_in_movies VALUES('nm0001401','tt0346491');
INSERT INTO stars_in_movies VALUES('nm0453091','tt0346491');
INSERT INTO stars_in_movies VALUES('nm0097001','tt0346491');
INSERT INTO stars_in_movies VALUES('nm0206257','tt0346491');
INSERT INTO stars_in_movies VALUES('nm0000164','tt0346491');
INSERT INTO stars_in_movies VALUES('nm0268199','tt0346491');
INSERT INTO stars_in_movies VALUES('nm0002353','tt0352248');
INSERT INTO stars_in_movies VALUES('nm0000250','tt0352248');
INSERT INTO stars_in_movies VALUES('nm0081572','tt0352248');
INSERT INTO stars_in_movies VALUES('nm0004976','tt0352248');
INSERT INTO stars_in_movies VALUES('nm0391132','tt0352248');
INSERT INTO stars_in_movies VALUES('nm0001508','tt0352248');
INSERT INTO stars_in_movies VALUES('nm0000165','tt0352248');
INSERT INTO stars_in_movies VALUES('nm0326040','tt0352248');
INSERT INTO stars_in_movies VALUES('nm0316079','tt0352248');
INSERT INTO stars_in_movies VALUES('nm0000128','tt0352248');
INSERT INTO stars_in_movies VALUES('nm0004744','tt0361748');
INSERT INTO stars_in_movies VALUES('nm0579673','tt0361748');
INSERT INTO stars_in_movies VALUES('nm0724744','tt0361748');
INSERT INTO stars_in_movies VALUES('nm1208167','tt0361748');
INSERT INTO stars_in_movies VALUES('nm0000093','tt0361748');
INSERT INTO stars_in_movies VALUES('nm0000233','tt0361748');
INSERT INTO stars_in_movies VALUES('nm0913300','tt0361748');
INSERT INTO stars_in_movies VALUES('nm0491259','tt0361748');
INSERT INTO stars_in_movies VALUES('nm0744834','tt0361748');
INSERT INTO stars_in_movies VALUES('nm0000158','tt0362227');
INSERT INTO stars_in_movies VALUES('nm0001876','tt0362227');
INSERT INTO stars_in_movies VALUES('nm0662748','tt0362227');
INSERT INTO stars_in_movies VALUES('nm0564277','tt0362227');
INSERT INTO stars_in_movies VALUES('nm0001804','tt0362227');
INSERT INTO stars_in_movies VALUES('nm0531827','tt0362227');
INSERT INTO stars_in_movies VALUES('nm0622288','tt0362227');
INSERT INTO stars_in_movies VALUES('nm0000229','tt0362227');
INSERT INTO stars_in_movies VALUES('nm0629272','tt0362227');
INSERT INTO stars_in_movies VALUES('nm0315065','tt0362227');
INSERT INTO stars_in_movies VALUES('nm0913300','tt0378194');
INSERT INTO stars_in_movies VALUES('nm0000233','tt0378194');
INSERT INTO stars_in_movies VALUES('nm0004744','tt0378194');
INSERT INTO stars_in_movies VALUES('nm0001016','tt0378194');
INSERT INTO stars_in_movies VALUES('nm0724744','tt0378194');
INSERT INTO stars_in_movies VALUES('nm0000235','tt0378194');
INSERT INTO stars_in_movies VALUES('nm0579673','tt0378194');
INSERT INTO stars_in_movies VALUES('nm0000514','tt0378194');
INSERT INTO stars_in_movies VALUES('nm0001675','tt0378194');
INSERT INTO stars_in_movies VALUES('nm0000435','tt0378194');
INSERT INTO stars_in_movies VALUES('nm0001728','tt0378947');
INSERT INTO stars_in_movies VALUES('nm0252230','tt0378947');
INSERT INTO stars_in_movies VALUES('nm0000095','tt0378947');
INSERT INTO stars_in_movies VALUES('nm0036981','tt0378947');
INSERT INTO stars_in_movies VALUES('nm0005416','tt0378947');
INSERT INTO stars_in_movies VALUES('nm0503429','tt0378947');
INSERT INTO stars_in_movies VALUES('nm0520288','tt0378947');
INSERT INTO stars_in_movies VALUES('nm0002071','tt0378947');
INSERT INTO stars_in_movies VALUES('nm0005936','tt0378947');
INSERT INTO stars_in_movies VALUES('nm0004742','tt0399146');
INSERT INTO stars_in_movies VALUES('nm0818940','tt0399146');
INSERT INTO stars_in_movies VALUES('nm0001557','tt0399146');
INSERT INTO stars_in_movies VALUES('nm0000343','tt0399146');
INSERT INTO stars_in_movies VALUES('nm0905957','tt0399146');
INSERT INTO stars_in_movies VALUES('nm0070454','tt0399146');
INSERT INTO stars_in_movies VALUES('nm0000438','tt0399146');
INSERT INTO stars_in_movies VALUES('nm0647939','tt0399146');
INSERT INTO stars_in_movies VALUES('nm0000458','tt0399146');
INSERT INTO stars_in_movies VALUES('nm1583671','tt0399146');
INSERT INTO stars_in_movies VALUES('nm0000620','tt0401792');
INSERT INTO stars_in_movies VALUES('nm0042882','tt0401792');
INSERT INTO stars_in_movies VALUES('nm0004695','tt0401792');
INSERT INTO stars_in_movies VALUES('nm0588340','tt0401792');
INSERT INTO stars_in_movies VALUES('nm0001675','tt0401792');
INSERT INTO stars_in_movies VALUES('nm0000233','tt0401792');
INSERT INTO stars_in_movies VALUES('nm0000246','tt0401792');
INSERT INTO stars_in_movies VALUES('nm0006251','tt0401792');
INSERT INTO stars_in_movies VALUES('nm0002201','tt0401792');
INSERT INTO stars_in_movies VALUES('nm0654110','tt0401792');
INSERT INTO stars_in_movies VALUES('nm0185819','tt0408306');
INSERT INTO stars_in_movies VALUES('nm0189887','tt0408306');
INSERT INTO stars_in_movies VALUES('nm0744839','tt0408306');
INSERT INTO stars_in_movies VALUES('nm0005086','tt0408306');
INSERT INTO stars_in_movies VALUES('nm0427305','tt0408306');
INSERT INTO stars_in_movies VALUES('nm0001354','tt0408306');
INSERT INTO stars_in_movies VALUES('nm0051509','tt0408306');
INSERT INTO stars_in_movies VALUES('nm0578814','tt0408306');
INSERT INTO stars_in_movies VALUES('nm1065785','tt0408306');
INSERT INTO stars_in_movies VALUES('nm0000229','tt0408306');
INSERT INTO stars_in_movies VALUES('nm0328828','tt0416320');
INSERT INTO stars_in_movies VALUES('nm0201819','tt0416320');
INSERT INTO stars_in_movies VALUES('nm0607865','tt0416320');
INSERT INTO stars_in_movies VALUES('nm0001667','tt0416320');
INSERT INTO stars_in_movies VALUES('nm0424060','tt0416320');
INSERT INTO stars_in_movies VALUES('nm0928836','tt0416320');
INSERT INTO stars_in_movies VALUES('nm0000095','tt0416320');
INSERT INTO stars_in_movies VALUES('nm0001899','tt0416320');
INSERT INTO stars_in_movies VALUES('nm0503429','tt0416320');
INSERT INTO stars_in_movies VALUES('nm0036981','tt0416320');
INSERT INTO stars_in_movies VALUES('nm1412647','tt0417415');
INSERT INTO stars_in_movies VALUES('nm1337757','tt0417415');
INSERT INTO stars_in_movies VALUES('nm0404854','tt0417415');
INSERT INTO stars_in_movies VALUES('nm0655184','tt0417415');
INSERT INTO stars_in_movies VALUES('nm0702797','tt0417415');
INSERT INTO stars_in_movies VALUES('nm0470599','tt0417415');
INSERT INTO stars_in_movies VALUES('nm0755972','tt0417415');
INSERT INTO stars_in_movies VALUES('nm1410338','tt0417415');
INSERT INTO stars_in_movies VALUES('nm0550547','tt0417415');
INSERT INTO stars_in_movies VALUES('nm0000116','tt0417415');
INSERT INTO stars_in_movies VALUES('nm0000091','tt0421974');
INSERT INTO stars_in_movies VALUES('nm0536095','tt0421974');
INSERT INTO stars_in_movies VALUES('nm0879853','tt0421974');
INSERT INTO stars_in_movies VALUES('nm1207193','tt0421974');
INSERT INTO stars_in_movies VALUES('nm0153249','tt0421974');
INSERT INTO stars_in_movies VALUES('nm0022971','tt0421974');
INSERT INTO stars_in_movies VALUES('nm0656768','tt0421974');
INSERT INTO stars_in_movies VALUES('nm0180404','tt0421974');
INSERT INTO stars_in_movies VALUES('nm0022969','tt0421974');
INSERT INTO stars_in_movies VALUES('nm0998117','tt0421974');
INSERT INTO stars_in_movies VALUES('nm0174562','tt0424918');
INSERT INTO stars_in_movies VALUES('nm2542508','tt0424918');
INSERT INTO stars_in_movies VALUES('nm0758388','tt0424918');
INSERT INTO stars_in_movies VALUES('nm0000389','tt0424918');
INSERT INTO stars_in_movies VALUES('nm0504209','tt0424918');
INSERT INTO stars_in_movies VALUES('nm0600247','tt0424918');
INSERT INTO stars_in_movies VALUES('nm0797567','tt0424918');
INSERT INTO stars_in_movies VALUES('nm1726858','tt0424918');
INSERT INTO stars_in_movies VALUES('nm0287164','tt0427309');
INSERT INTO stars_in_movies VALUES('nm0085542','tt0427309');
INSERT INTO stars_in_movies VALUES('nm2831777','tt0427309');
INSERT INTO stars_in_movies VALUES('nm0251935','tt0427309');
INSERT INTO stars_in_movies VALUES('nm0005387','tt0427309');
INSERT INTO stars_in_movies VALUES('nm1676649','tt0427309');
INSERT INTO stars_in_movies VALUES('nm0253708','tt0427309');
INSERT INTO stars_in_movies VALUES('nm0001845','tt0427309');
INSERT INTO stars_in_movies VALUES('nm2872558','tt0427309');
INSERT INTO stars_in_movies VALUES('nm0000243','tt0427309');
INSERT INTO stars_in_movies VALUES('nm1057590','tt0443649');
INSERT INTO stars_in_movies VALUES('nm0825336','tt0443649');
INSERT INTO stars_in_movies VALUES('nm0434879','tt0443649');
INSERT INTO stars_in_movies VALUES('nm0460057','tt0443649');
INSERT INTO stars_in_movies VALUES('nm0330428','tt0443649');
INSERT INTO stars_in_movies VALUES('nm0911173','tt0443649');
INSERT INTO stars_in_movies VALUES('nm0193295','tt0443649');
INSERT INTO stars_in_movies VALUES('nm1711829','tt0443649');
INSERT INTO stars_in_movies VALUES('nm0000386','tt0443649');
INSERT INTO stars_in_movies VALUES('nm0004741','tt0443649');
INSERT INTO stars_in_movies VALUES('nm0005219','tt0443706');
INSERT INTO stars_in_movies VALUES('nm0749263','tt0443706');
INSERT INTO stars_in_movies VALUES('nm1329482','tt0443706');
INSERT INTO stars_in_movies VALUES('nm0350453','tt0443706');
INSERT INTO stars_in_movies VALUES('nm0149556','tt0443706');
INSERT INTO stars_in_movies VALUES('nm0000399','tt0443706');
INSERT INTO stars_in_movies VALUES('nm0000381','tt0443706');
INSERT INTO stars_in_movies VALUES('nm0888743','tt0443706');
INSERT INTO stars_in_movies VALUES('nm0000375','tt0443706');
INSERT INTO stars_in_movies VALUES('nm1172196','tt0443706');
INSERT INTO stars_in_movies VALUES('nm0745746','tt0455805');
INSERT INTO stars_in_movies VALUES('nm1949491','tt0455805');
INSERT INTO stars_in_movies VALUES('nm0000111','tt0455805');
INSERT INTO stars_in_movies VALUES('nm0000147','tt0455805');
INSERT INTO stars_in_movies VALUES('nm0851679','tt0455805');
INSERT INTO stars_in_movies VALUES('nm0000166','tt0455805');
INSERT INTO stars_in_movies VALUES('nm0035146','tt0455805');
INSERT INTO stars_in_movies VALUES('nm0463025','tt0455805');
INSERT INTO stars_in_movies VALUES('nm0000541','tt0455805');
INSERT INTO stars_in_movies VALUES('nm0505741','tt0455805');
INSERT INTO stars_in_movies VALUES('nm0003911','tt0462499');
INSERT INTO stars_in_movies VALUES('nm0599393','tt0462499');
INSERT INTO stars_in_movies VALUES('nm0606251','tt0462499');
INSERT INTO stars_in_movies VALUES('nm0550452','tt0462499');
INSERT INTO stars_in_movies VALUES('nm0004748','tt0462499');
INSERT INTO stars_in_movies VALUES('nm0860315','tt0462499');
INSERT INTO stars_in_movies VALUES('nm0000230','tt0462499');
INSERT INTO stars_in_movies VALUES('nm0503592','tt0462499');
INSERT INTO stars_in_movies VALUES('nm0854772','tt0462499');
INSERT INTO stars_in_movies VALUES('nm0574615','tt0462499');
INSERT INTO stars_in_movies VALUES('nm0000115','tt0469641');
INSERT INTO stars_in_movies VALUES('nm0350454','tt0469641');
INSERT INTO stars_in_movies VALUES('nm2226834','tt0469641');
INSERT INTO stars_in_movies VALUES('nm2228493','tt0469641');
INSERT INTO stars_in_movies VALUES('nm0671567','tt0469641');
INSERT INTO stars_in_movies VALUES('nm2225418','tt0469641');
INSERT INTO stars_in_movies VALUES('nm0075696','tt0469641');
INSERT INTO stars_in_movies VALUES('nm0004742','tt0469641');
INSERT INTO stars_in_movies VALUES('nm2223804','tt0469641');
INSERT INTO stars_in_movies VALUES('nm0000231','tt0469641');
INSERT INTO stars_in_movies VALUES('nm1350622','tt0480269');
INSERT INTO stars_in_movies VALUES('nm0853873','tt0480269');
INSERT INTO stars_in_movies VALUES('nm1092227','tt0480269');
INSERT INTO stars_in_movies VALUES('nm0324660','tt0480269');
INSERT INTO stars_in_movies VALUES('nm0394954','tt0480269');
INSERT INTO stars_in_movies VALUES('nm0253108','tt0480269');
INSERT INTO stars_in_movies VALUES('nm0000114','tt0480269');
INSERT INTO stars_in_movies VALUES('nm1672485','tt0480269');
INSERT INTO stars_in_movies VALUES('nm2513802','tt0480269');
INSERT INTO stars_in_movies VALUES('nm0123946','tt0480269');
INSERT INTO stars_in_movies VALUES('nm1893246','tt0481797');
INSERT INTO stars_in_movies VALUES('nm0000619','tt0481797');
INSERT INTO stars_in_movies VALUES('nm0004555','tt0481797');
INSERT INTO stars_in_movies VALUES('nm0487884','tt0481797');
INSERT INTO stars_in_movies VALUES('nm0377333','tt0481797');
INSERT INTO stars_in_movies VALUES('nm0326497','tt0481797');
INSERT INTO stars_in_movies VALUES('nm0660676','tt0481797');
INSERT INTO stars_in_movies VALUES('nm0004486','tt0481797');
INSERT INTO stars_in_movies VALUES('nm0000338','tt0481797');
INSERT INTO stars_in_movies VALUES('nm0253431','tt0481797');
INSERT INTO stars_in_movies VALUES('nm0227821','tt0488380');
INSERT INTO stars_in_movies VALUES('nm0731048','tt0488380');
INSERT INTO stars_in_movies VALUES('nm0318098','tt0488380');
INSERT INTO stars_in_movies VALUES('nm0004582','tt0488380');
INSERT INTO stars_in_movies VALUES('nm0000277','tt0488380');
INSERT INTO stars_in_movies VALUES('nm0695536','tt0488380');
INSERT INTO stars_in_movies VALUES('nm0000511','tt0488380');
INSERT INTO stars_in_movies VALUES('nm0907970','tt0488380');
INSERT INTO stars_in_movies VALUES('nm0001626','tt0488380');
INSERT INTO stars_in_movies VALUES('nm0940974','tt0488380');
INSERT INTO stars_in_movies VALUES('nm0000160','tt0496319');
INSERT INTO stars_in_movies VALUES('nm1503432','tt0496319');
INSERT INTO stars_in_movies VALUES('nm2183344','tt0496319');
INSERT INTO stars_in_movies VALUES('nm0001473','tt0496319');
INSERT INTO stars_in_movies VALUES('nm1075604','tt0496319');
INSERT INTO stars_in_movies VALUES('nm0635742','tt0496319');
INSERT INTO stars_in_movies VALUES('nm0018936','tt0496319');
INSERT INTO stars_in_movies VALUES('nm2227898','tt0496319');
INSERT INTO stars_in_movies VALUES('nm0916406','tt0496319');
INSERT INTO stars_in_movies VALUES('nm0655245','tt0496319');
INSERT INTO stars_in_movies VALUES('nm0083340','tt0496634');
INSERT INTO stars_in_movies VALUES('nm1671512','tt0496634');
INSERT INTO stars_in_movies VALUES('nm1100344','tt0496634');
INSERT INTO stars_in_movies VALUES('nm0876195','tt0496634');
INSERT INTO stars_in_movies VALUES('nm0749508','tt0496634');
INSERT INTO stars_in_movies VALUES('nm0117709','tt0496634');
INSERT INTO stars_in_movies VALUES('nm0693550','tt0496634');
INSERT INTO stars_in_movies VALUES('nm1666528','tt0496634');
INSERT INTO stars_in_movies VALUES('nm0000365','tt0496634');
INSERT INTO stars_in_movies VALUES('nm0000458','tt0496634');
INSERT INTO stars_in_movies VALUES('nm0000142','tt0498380');
INSERT INTO stars_in_movies VALUES('nm0353673','tt0498380');
INSERT INTO stars_in_movies VALUES('nm2111875','tt0498380');
INSERT INTO stars_in_movies VALUES('nm0407296','tt0498380');
INSERT INTO stars_in_movies VALUES('nm1076976','tt0498380');
INSERT INTO stars_in_movies VALUES('nm0913822','tt0498380');
INSERT INTO stars_in_movies VALUES('nm0520749','tt0498380');
INSERT INTO stars_in_movies VALUES('nm2359677','tt0498380');
INSERT INTO stars_in_movies VALUES('nm2362326','tt0498380');
INSERT INTO stars_in_movies VALUES('nm0632497','tt0498380');
INSERT INTO genres_in_movies VALUES(1,'tt0133152');
INSERT INTO genres_in_movies VALUES(19,'tt0133152');
INSERT INTO genres_in_movies VALUES(3,'tt0133152');
INSERT INTO genres_in_movies VALUES(21,'tt0164003');
INSERT INTO genres_in_movies VALUES(7,'tt0164003');
INSERT INTO genres_in_movies VALUES(9,'tt0164003');
INSERT INTO genres_in_movies VALUES(21,'tt0166924');
INSERT INTO genres_in_movies VALUES(9,'tt0166924');
INSERT INTO genres_in_movies VALUES(16,'tt0166924');
INSERT INTO genres_in_movies VALUES(3,'tt0181689');
INSERT INTO genres_in_movies VALUES(7,'tt0181689');
INSERT INTO genres_in_movies VALUES(1,'tt0181689');
INSERT INTO genres_in_movies VALUES(9,'tt0212720');
INSERT INTO genres_in_movies VALUES(3,'tt0212720');
INSERT INTO genres_in_movies VALUES(19,'tt0212720');
INSERT INTO genres_in_movies VALUES(19,'tt0228333');
INSERT INTO genres_in_movies VALUES(1,'tt0228333');
INSERT INTO genres_in_movies VALUES(13,'tt0228333');
INSERT INTO genres_in_movies VALUES(13,'tt0257516');
INSERT INTO genres_in_movies VALUES(6,'tt0257516');
INSERT INTO genres_in_movies VALUES(6,'tt0263265');
INSERT INTO genres_in_movies VALUES(9,'tt0263265');
INSERT INTO genres_in_movies VALUES(11,'tt0263265');
INSERT INTO genres_in_movies VALUES(9,'tt0264464');
INSERT INTO genres_in_movies VALUES(7,'tt0264464');
INSERT INTO genres_in_movies VALUES(5,'tt0264464');
INSERT INTO genres_in_movies VALUES(21,'tt0264616');
INSERT INTO genres_in_movies VALUES(7,'tt0264616');
INSERT INTO genres_in_movies VALUES(9,'tt0264616');
INSERT INTO genres_in_movies VALUES(6,'tt0266452');
INSERT INTO genres_in_movies VALUES(9,'tt0266452');
INSERT INTO genres_in_movies VALUES(7,'tt0266452');
INSERT INTO genres_in_movies VALUES(6,'tt0266489');
INSERT INTO genres_in_movies VALUES(9,'tt0273435');
INSERT INTO genres_in_movies VALUES(22,'tt0273435');
INSERT INTO genres_in_movies VALUES(18,'tt0278823');
INSERT INTO genres_in_movies VALUES(6,'tt0278823');
INSERT INTO genres_in_movies VALUES(6,'tt0280707');
INSERT INTO genres_in_movies VALUES(16,'tt0280707');
INSERT INTO genres_in_movies VALUES(9,'tt0280707');
INSERT INTO genres_in_movies VALUES(9,'tt0308055');
INSERT INTO genres_in_movies VALUES(5,'tt0308055');
INSERT INTO genres_in_movies VALUES(12,'tt0308055');
INSERT INTO genres_in_movies VALUES(18,'tt0313792');
INSERT INTO genres_in_movies VALUES(6,'tt0313792');
INSERT INTO genres_in_movies VALUES(8,'tt0318049');
INSERT INTO genres_in_movies VALUES(9,'tt0319061');
INSERT INTO genres_in_movies VALUES(11,'tt0319061');
INSERT INTO genres_in_movies VALUES(3,'tt0319061');
INSERT INTO genres_in_movies VALUES(1,'tt0319262');
INSERT INTO genres_in_movies VALUES(19,'tt0319262');
INSERT INTO genres_in_movies VALUES(3,'tt0319262');
INSERT INTO genres_in_movies VALUES(7,'tt0327056');
INSERT INTO genres_in_movies VALUES(9,'tt0327056');
INSERT INTO genres_in_movies VALUES(16,'tt0327056');
INSERT INTO genres_in_movies VALUES(9,'tt0335345');
INSERT INTO genres_in_movies VALUES(9,'tt0338512');
INSERT INTO genres_in_movies VALUES(10,'tt0338512');
INSERT INTO genres_in_movies VALUES(3,'tt0338512');
INSERT INTO genres_in_movies VALUES(5,'tt0338751');
INSERT INTO genres_in_movies VALUES(9,'tt0338751');
INSERT INTO genres_in_movies VALUES(12,'tt0338751');
INSERT INTO genres_in_movies VALUES(4,'tt0344854');
INSERT INTO genres_in_movies VALUES(3,'tt0344854');
INSERT INTO genres_in_movies VALUES(10,'tt0344854');
INSERT INTO genres_in_movies VALUES(5,'tt0346491');
INSERT INTO genres_in_movies VALUES(1,'tt0346491');
INSERT INTO genres_in_movies VALUES(3,'tt0346491');
INSERT INTO genres_in_movies VALUES(20,'tt0352248');
INSERT INTO genres_in_movies VALUES(9,'tt0352248');
INSERT INTO genres_in_movies VALUES(5,'tt0352248');
INSERT INTO genres_in_movies VALUES(3,'tt0361748');
INSERT INTO genres_in_movies VALUES(22,'tt0361748');
INSERT INTO genres_in_movies VALUES(9,'tt0361748');
INSERT INTO genres_in_movies VALUES(18,'tt0362227');
INSERT INTO genres_in_movies VALUES(6,'tt0362227');
INSERT INTO genres_in_movies VALUES(9,'tt0362227');
INSERT INTO genres_in_movies VALUES(21,'tt0378194');
INSERT INTO genres_in_movies VALUES(1,'tt0378194');
INSERT INTO genres_in_movies VALUES(7,'tt0378194');
INSERT INTO genres_in_movies VALUES(9,'tt0378947');
INSERT INTO genres_in_movies VALUES(6,'tt0378947');
INSERT INTO genres_in_movies VALUES(18,'tt0378947');
INSERT INTO genres_in_movies VALUES(7,'tt0399146');
INSERT INTO genres_in_movies VALUES(9,'tt0399146');
INSERT INTO genres_in_movies VALUES(21,'tt0399146');
INSERT INTO genres_in_movies VALUES(7,'tt0401792');
INSERT INTO genres_in_movies VALUES(21,'tt0401792');
INSERT INTO genres_in_movies VALUES(12,'tt0408306');
INSERT INTO genres_in_movies VALUES(21,'tt0408306');
INSERT INTO genres_in_movies VALUES(9,'tt0408306');
INSERT INTO genres_in_movies VALUES(18,'tt0416320');
INSERT INTO genres_in_movies VALUES(9,'tt0416320');
INSERT INTO genres_in_movies VALUES(21,'tt0416320');
INSERT INTO genres_in_movies VALUES(10,'tt0417415');
INSERT INTO genres_in_movies VALUES(8,'tt0417415');
INSERT INTO genres_in_movies VALUES(3,'tt0421974');
INSERT INTO genres_in_movies VALUES(1,'tt0421974');
INSERT INTO genres_in_movies VALUES(6,'tt0424918');
INSERT INTO genres_in_movies VALUES(9,'tt0427309');
INSERT INTO genres_in_movies VALUES(18,'tt0427309');
INSERT INTO genres_in_movies VALUES(5,'tt0427309');
INSERT INTO genres_in_movies VALUES(3,'tt0443649');
INSERT INTO genres_in_movies VALUES(9,'tt0443649');
INSERT INTO genres_in_movies VALUES(1,'tt0443649');
INSERT INTO genres_in_movies VALUES(7,'tt0443706');
INSERT INTO genres_in_movies VALUES(9,'tt0443706');
INSERT INTO genres_in_movies VALUES(12,'tt0443706');
INSERT INTO genres_in_movies VALUES(18,'tt0455805');
INSERT INTO genres_in_movies VALUES(6,'tt0455805');
INSERT INTO genres_in_movies VALUES(9,'tt0455805');
INSERT INTO genres_in_movies VALUES(21,'tt0462499');
INSERT INTO genres_in_movies VALUES(1,'tt0462499');
INSERT INTO genres_in_movies VALUES(22,'tt0462499');
INSERT INTO genres_in_movies VALUES(21,'tt0469641');
INSERT INTO genres_in_movies VALUES(9,'tt0469641');
INSERT INTO genres_in_movies VALUES(12,'tt0469641');
INSERT INTO genres_in_movies VALUES(9,'tt0480269');
INSERT INTO genres_in_movies VALUES(16,'tt0481797');
INSERT INTO genres_in_movies VALUES(11,'tt0481797');
INSERT INTO genres_in_movies VALUES(9,'tt0481797');
INSERT INTO genres_in_movies VALUES(18,'tt0488380');
INSERT INTO genres_in_movies VALUES(9,'tt0488380');
INSERT INTO genres_in_movies VALUES(9,'tt0496319');
INSERT INTO genres_in_movies VALUES(18,'tt0496319');
INSERT INTO genres_in_movies VALUES(14,'tt0496319');
INSERT INTO genres_in_movies VALUES(5,'tt0496634');
INSERT INTO genres_in_movies VALUES(9,'tt0496634');
INSERT INTO genres_in_movies VALUES(12,'tt0496634');
INSERT INTO genres_in_movies VALUES(12,'tt0498380');
INSERT INTO genres_in_movies VALUES(9,'tt0498380');
INSERT INTO genres_in_movies VALUES(22,'tt0498380');
INSERT INTO sales VALUES(325,658012,'tt0280707', '2002/10/20');
INSERT INTO sales VALUES(474,971,'tt0346491', '2005/01/20');
INSERT INTO sales VALUES(508,671415,'tt0455805', '2002/05/30');
INSERT INTO sales VALUES(644,973003,'tt0266489', '2004/12/01');
INSERT INTO sales VALUES(712,217059,'tt0263265', '2007/04/12');
INSERT INTO sales VALUES(726,217077,'tt0443706', '2004/04/26');
INSERT INTO sales VALUES(758,693317,'tt0318049', '2003/01/29');
INSERT INTO sales VALUES(844,973015,'tt0378194', '2004/12/25');
INSERT INTO sales VALUES(997,525501,'tt0280707', '2005/01/01');
INSERT INTO sales VALUES(1074,107005,'tt0496634', '2004/08/15');
INSERT INTO sales VALUES(1174,217072,'tt0338751', '2005/04/18');
INSERT INTO sales VALUES(1293,973006,'tt0399146', '2004/12/17');
INSERT INTO sales VALUES(1372,755008,'tt0212720', '2005/01/20');
INSERT INTO sales VALUES(1525,107004,'tt0417415', '2004/02/22');
INSERT INTO sales VALUES(1670,422703,'tt0264464', '2005/01/21');
INSERT INTO sales VALUES(1693,490004,'tt0362227', '2005/01/11');
INSERT INTO sales VALUES(1784,48005,'tt0264616', '2006/03/14');
INSERT INTO sales VALUES(1816,490018,'tt0263265', '2005/01/14');
INSERT INTO sales VALUES(1891,872012,'tt0455805', '2005/11/22');
INSERT INTO sales VALUES(2044,259072,'tt0488380', '2004/01/11');
INSERT INTO sales VALUES(2143,490002,'tt0455805', '2005/01/11');
INSERT INTO sales VALUES(2185,107020,'tt0181689', '2004/06/05');
INSERT INTO sales VALUES(2635,107010,'tt0443706', '2004/07/14');
INSERT INTO sales VALUES(2656,140129,'tt0278823', '2004/06/29');
INSERT INTO sales VALUES(3057,962,'tt0481797', '2005/01/20');
INSERT INTO sales VALUES(3225,156001,'tt0488380', '2004/03/12');
INSERT INTO sales VALUES(3386,492311,'tt0469641', '2004/01/01');
INSERT INTO sales VALUES(3479,422705,'tt0488380', '2005/01/01');
INSERT INTO sales VALUES(3536,683001,'tt0181689', '2003/12/10');
INSERT INTO sales VALUES(3617,490007,'tt0498380', '2005/01/05');
INSERT INTO sales VALUES(3720,525512,'tt0401792', '2004/07/06');
INSERT INTO sales VALUES(3777,683016,'tt0228333', '2000/08/14');
INSERT INTO sales VALUES(3866,907009,'tt0308055', '2005/01/12');
INSERT INTO sales VALUES(4009,973003,'tt0427309', '2004/12/25');
INSERT INTO sales VALUES(4013,140135,'tt0181689', '2004/12/06');
INSERT INTO sales VALUES(4153,872014,'tt0424918', '2005/01/24');
INSERT INTO sales VALUES(4342,217077,'tt0469641', '2004/04/26');
INSERT INTO sales VALUES(4455,326520,'tt0335345', '2005/01/11');
INSERT INTO sales VALUES(4486,259079,'tt0278823', '2004/01/18');
INSERT INTO sales VALUES(4510,48020,'tt0455805', '2006/03/14');
INSERT INTO sales VALUES(4858,490005,'tt0344854', '2005/01/03');
INSERT INTO sales VALUES(4887,156016,'tt0488380', '2004/03/12');
INSERT INTO sales VALUES(4996,976,'tt0378947', '2005/01/20');
INSERT INTO sales VALUES(5010,135012,'tt0257516', '2003/08/14');
INSERT INTO sales VALUES(5140,107003,'tt0278823', '2004/07/02');
INSERT INTO sales VALUES(5446,971,'tt0352248', '2005/01/20');
INSERT INTO sales VALUES(5484,671420,'tt0496319', '2001/03/19');
INSERT INTO sales VALUES(5566,855314,'tt0424918', '2004/01/01');
INSERT INTO sales VALUES(5925,671406,'tt0278823', '2005/07/07');
INSERT INTO sales VALUES(5927,671409,'tt0338512', '2003/06/30');
INSERT INTO sales VALUES(6098,492311,'tt0313792', '2004/01/01');
INSERT INTO sales VALUES(6212,490003,'tt0133152', '2005/01/02');
INSERT INTO sales VALUES(6691,156007,'tt0480269', '2004/01/13');
INSERT INTO sales VALUES(6876,525504,'tt0273435', '2004/08/08');
INSERT INTO sales VALUES(6911,855303,'tt0319262', '2004/01/01');
INSERT INTO sales VALUES(6975,973011,'tt0273435', '2004/12/19');
INSERT INTO sales VALUES(7355,764018,'tt0424918', '2004/07/17');
INSERT INTO sales VALUES(7479,907017,'tt0181689', '2005/01/17');
INSERT INTO sales VALUES(8093,492317,'tt0378947', '2004/01/01');
INSERT INTO sales VALUES(8106,631007,'tt0263265', '2004/10/10');
INSERT INTO sales VALUES(8110,48002,'tt0278823', '2006/03/14');
INSERT INTO sales VALUES(8277,855313,'tt0263265', '2004/01/01');
INSERT INTO sales VALUES(9040,658016,'tt0257516', '2002/10/20');
INSERT INTO sales VALUES(9639,855319,'tt0488380', '2004/01/01');
INSERT INTO sales VALUES(9768,631002,'tt0416320', '2004/10/05');
INSERT INTO sales VALUES(9901,492317,'tt0408306', '2004/01/01');
INSERT INTO sales VALUES(9970,978,'tt0421974', '2005/01/20');
INSERT INTO sales VALUES(10030,872015,'tt0378947', '2005/02/25');
INSERT INTO sales VALUES(10045,525509,'tt0455805', '2004/03/09');
INSERT INTO sales VALUES(10191,907017,'tt0362227', '2005/01/17');
INSERT INTO sales VALUES(10392,658013,'tt0455805', '2002/10/20');
INSERT INTO sales VALUES(10618,492311,'tt0455805', '2004/01/01');
INSERT INTO sales VALUES(10796,140142,'tt0496634', '2004/11/18');
INSERT INTO sales VALUES(10801,492308,'tt0346491', '2004/01/01');
INSERT INTO sales VALUES(11060,140127,'tt0361748', '2004/04/01');
INSERT INTO sales VALUES(11234,326519,'tt0181689', '2004/12/25');
INSERT INTO sales VALUES(11246,140139,'tt0273435', '2004/07/13');
INSERT INTO sales VALUES(11609,48004,'tt0344854', '2006/03/14');
INSERT INTO sales VALUES(12067,422705,'tt0378947', '2005/01/01');
INSERT INTO sales VALUES(12367,683018,'tt0257516', '2001/12/23');
INSERT INTO sales VALUES(12497,693300,'tt0416320', '2003/01/23');
INSERT INTO sales VALUES(12539,490002,'tt0338512', '2005/01/11');
INSERT INTO sales VALUES(12547,490016,'tt0278823', '2005/01/13');
INSERT INTO sales VALUES(12671,755007,'tt0264464', '2005/01/20');
INSERT INTO sales VALUES(13022,156014,'tt0488380', '2004/07/18');
INSERT INTO sales VALUES(13121,755003,'tt0421974', '2005/01/20');
INSERT INTO ratings VALUES('tt0133152',5.7,191457);
INSERT INTO ratings VALUES('tt0164003',6,4537);
INSERT INTO ratings VALUES('tt0166924',8,266105);
INSERT INTO ratings VALUES('tt0181689',7.7,433764);
INSERT INTO ratings VALUES('tt0212720',7.1,257699);
INSERT INTO ratings VALUES('tt0228333',4.9,45543);
INSERT INTO ratings VALUES('tt0257516',5,27520);
INSERT INTO ratings VALUES('tt0263265',5.6,4242);
INSERT INTO ratings VALUES('tt0264464',8.1,619714);
INSERT INTO ratings VALUES('tt0264616',7.3,66173);
INSERT INTO ratings VALUES('tt0266452',6.4,35933);
INSERT INTO ratings VALUES('tt0266489',5.9,49146);
INSERT INTO ratings VALUES('tt0273435',6.6,10768);
INSERT INTO ratings VALUES('tt0278823',6.6,23200);
INSERT INTO ratings VALUES('tt0280707',7.3,68999);
INSERT INTO ratings VALUES('tt0308055',7,39193);
INSERT INTO ratings VALUES('tt0313792',6.4,26737);
INSERT INTO ratings VALUES('tt0318049',6.4,1009);
INSERT INTO ratings VALUES('tt0319061',8,371188);
INSERT INTO ratings VALUES('tt0319262',6.4,359213);
INSERT INTO ratings VALUES('tt0327056',8,363817);
INSERT INTO ratings VALUES('tt0335345',7.2,189826);
INSERT INTO ratings VALUES('tt0338512',7.1,12734);
INSERT INTO ratings VALUES('tt0338751',7.5,286260);
INSERT INTO ratings VALUES('tt0344854',6,27909);
INSERT INTO ratings VALUES('tt0346491',5.6,146797);
INSERT INTO ratings VALUES('tt0352248',8,157757);
INSERT INTO ratings VALUES('tt0361748',8.3,998486);
INSERT INTO ratings VALUES('tt0362227',7.3,333786);
INSERT INTO ratings VALUES('tt0378194',8,559953);
INSERT INTO ratings VALUES('tt0378947',6.5,28591);
INSERT INTO ratings VALUES('tt0399146',7.5,199992);
INSERT INTO ratings VALUES('tt0401792',8,692084);
INSERT INTO ratings VALUES('tt0408306',7.6,187444);
INSERT INTO ratings VALUES('tt0416320',7.7,180089);
INSERT INTO ratings VALUES('tt0417415',6.5,2426);
INSERT INTO ratings VALUES('tt0421974',5.8,3920);
INSERT INTO ratings VALUES('tt0424918',5.7,21);
INSERT INTO ratings VALUES('tt0427309',7.6,50559);
INSERT INTO ratings VALUES('tt0443649',5.1,114545);
INSERT INTO ratings VALUES('tt0443706',7.7,347630);
INSERT INTO ratings VALUES('tt0455805',6,8956);
INSERT INTO ratings VALUES('tt0462499',7,190972);
INSERT INTO ratings VALUES('tt0469641',6,70982);
INSERT INTO ratings VALUES('tt0480269',6.8,12598);
INSERT INTO ratings VALUES('tt0481797',6.3,11924);
INSERT INTO ratings VALUES('tt0488380',6.6,3945);
INSERT INTO ratings VALUES('tt0496319',6.2,2487);
INSERT INTO ratings VALUES('tt0496634',6.3,6757);
INSERT INTO ratings VALUES('tt0498380',7.9,139627);

